element,node_i,node_j,strain,stress_pa
0,0,1,3.46090694e-08,2.42263486e+03
1,0,2,3.61848257e-08,2.53293780e+03
2,0,3,3.61848257e-08,2.53293780e+03
3,0,4,3.46090694e-08,2.42263486e+03
4,0,5,3.02071947e-08,2.11450363e+03
5,0,6,3.02071947e-08,2.11450363e+03
6,1,2,0.00000000e+00,0.00000000e+00
7,2,3,0.00000000e+00,0.00000000e+00
8,3,4,0.00000000e+00,0.00000000e+00
9,4,5,0.00000000e+00,0.00000000e+00
10,5,6,0.00000000e+00,0.00000000e+00
11,6,1,0.00000000e+00,0.00000000e+00
