node,ux_ft,uy_ft,uz_ft,u_mag_ft
0,0.00000000e+00,0.00000000e+00,1.77724435e-04,1.77724435e-04
1,0.00000000e+00,0.00000000e+00,2.16008606e-04,2.16008606e-04
2,0.00000000e+00,0.00000000e+00,2.28639249e-04,2.28639249e-04
3,0.00000000e+00,0.00000000e+00,2.28639249e-04,2.28639249e-04
4,0.00000000e+00,0.00000000e+00,2.16008606e-04,2.16008606e-04
5,0.00000000e+00,0.00000000e+00,0.00000000e+00,0.00000000e+00
6,0.00000000e+00,0.00000000e+00,2.07345175e-04,2.07345175e-04
