element,node_i,node_j,strain,stress_pa
0,0,1,2.88480942e-05,2.01936660e+06
1,0,2,3.17243040e-05,2.22070128e+06
2,0,3,3.17243040e-05,2.22070128e+06
3,0,4,2.88480942e-05,2.01936660e+06
4,0,5,-1.58901231e-04,-1.11230862e+07
5,0,6,2.64835386e-05,1.85384770e+06
6,1,2,0.00000000e+00,0.00000000e+00
7,2,3,0.00000000e+00,0.00000000e+00
8,3,4,0.00000000e+00,0.00000000e+00
9,4,5,0.00000000e+00,0.00000000e+00
10,5,6,0.00000000e+00,0.00000000e+00
11,6,1,0.00000000e+00,0.00000000e+00
