node,ux_ft,uy_ft,uz_ft,u_mag_ft
0,1.26688509e-06,0.00000000e+00,5.23155936e-06,5.38276984e-06
1,2.53377019e-06,0.00000000e+00,0.00000000e+00,2.53377019e-06
2,1.37726412e-06,-2.65805646e-07,0.00000000e+00,1.40267925e-06
3,1.15650607e-06,-2.65805646e-07,0.00000000e+00,1.18665872e-06
4,0.00000000e+00,0.00000000e+00,0.00000000e+00,0.00000000e+00
5,1.13473332e-06,3.79589440e-07,0.00000000e+00,1.19653995e-06
6,1.39903687e-06,3.79589440e-07,0.00000000e+00,1.44961798e-06
