node,ux_ft,uy_ft,uz_ft,u_mag_ft
0,2.05637958e-24,1.20545755e-08,-2.51870355e-07,2.52158657e-07
1,0.00000000e+00,0.00000000e+00,0.00000000e+00,0.00000000e+00
2,0.00000000e+00,0.00000000e+00,0.00000000e+00,0.00000000e+00
3,0.00000000e+00,0.00000000e+00,0.00000000e+00,0.00000000e+00
4,0.00000000e+00,0.00000000e+00,0.00000000e+00,0.00000000e+00
5,0.00000000e+00,0.00000000e+00,0.00000000e+00,0.00000000e+00
6,0.00000000e+00,0.00000000e+00,0.00000000e+00,0.00000000e+00
