node,ux_ft,uy_ft,uz_ft,u_mag_ft
0,-1.26314383e-06,0.00000000e+00,0.00000000e+00,1.26314383e-06
1,-1.89973366e-06,5.08432156e+07,0.00000000e+00,5.08432156e+07
2,-2.81777408e+08,-4.45275995e+07,-1.55615240e+09,1.58208455e+09
3,-2.81777408e+08,5.45818148e+07,1.61061274e+09,1.63598627e+09
4,-3.78755003e+07,-2.79696002e+07,2.46190752e+08,2.50652625e+08
5,0.00000000e+00,0.00000000e+00,0.00000000e+00,0.00000000e+00
6,2.46240550e-07,5.08432156e+07,-2.75400751e+08,2.80054649e+08
