element,node_i,node_j,strain,stress_pa
0,0,1,3.12201806e-08,2.18541264e+03
1,0,2,0.00000000e+00,0.00000000e+00
2,0,3,0.00000000e+00,0.00000000e+00
3,0,4,3.12201806e-08,2.18541264e+03
4,0,5,0.00000000e+00,0.00000000e+00
5,0,6,0.00000000e+00,0.00000000e+00
6,1,2,-1.48121194e-22,-1.03684836e-11
7,2,3,1.81507060e-22,1.27054942e-11
8,3,4,1.48121194e-22,1.03684836e-11
9,4,5,1.57241880e-23,1.10069316e-12
10,5,6,8.47032947e-23,5.92923063e-12
11,6,1,1.57241880e-23,1.10069316e-12
